insert into itj.itj_article (article_id, user_id, title, content, like_quantity, look_quantity, create_time, modify_time) values (1, 0, 'deepin安装jdk8', '写了玩玩', 0, 0, null, null);
insert into itj.itj_article (article_id, user_id, title, content, like_quantity, look_quantity, create_time, modify_time) values (2, 0, 'deepin安装oracle', '写了玩玩', 0, 0, null, null);
insert into itj.itj_article (article_id, user_id, title, content, like_quantity, look_quantity, create_time, modify_time) values (3, 0, 'deepin安装redis', '写了玩玩', 0, 0, null, null);
insert into itj.itj_article (article_id, user_id, title, content, like_quantity, look_quantity, create_time, modify_time) values (4, 0, 'deepin安装nginx', '写了玩玩', 0, 0, null, null);
insert into itj.itj_article (article_id, user_id, title, content, like_quantity, look_quantity, create_time, modify_time) values (5, 0, 'deepin安装mysql', '写了玩玩', 0, 0, null, null);
insert into itj.itj_article (article_id, user_id, title, content, like_quantity, look_quantity, create_time, modify_time) values (6, 0, 'deepin安装idea', '写了玩玩', 0, 0, null, null);
insert into itj.itj_article (article_id, user_id, title, content, like_quantity, look_quantity, create_time, modify_time) values (7, 0, 'deepin安装eclipse', '写了玩玩', 0, 0, null, null);
insert into itj.itj_article (article_id, user_id, title, content, like_quantity, look_quantity, create_time, modify_time) values (8, 0, 'java手写一个截图软件', 'javaw桌面级应用，被隐藏了。', 0, 0, '2018-12-12 09:10:41', '2018-12-12 09:10:41');
insert into itj.itj_article (article_id, user_id, title, content, like_quantity, look_quantity, create_time, modify_time) values (9, 0, 'java手写一个截图软件', 'javaw桌面级应用，被隐藏了。', 0, 0, '2018-12-12 09:24:26', '2018-12-12 09:24:26');

insert into itj.itj_article_tag (article_id, tag_id) values (1, 1);
insert into itj.itj_article_tag (article_id, tag_id) values (2, 2);
insert into itj.itj_article_tag (article_id, tag_id) values (3, 3);
insert into itj.itj_article_tag (article_id, tag_id) values (4, 4);
insert into itj.itj_article_tag (article_id, tag_id) values (5, 5);
insert into itj.itj_article_tag (article_id, tag_id) values (6, 6);
insert into itj.itj_article_tag (article_id, tag_id) values (7, 7);

insert into itj.itj_tag (tag_id, tag_name) values (7, 'eclipse');
insert into itj.itj_tag (tag_id, tag_name) values (6, 'idea');
insert into itj.itj_tag (tag_id, tag_name) values (1, 'JAVA');
insert into itj.itj_tag (tag_id, tag_name) values (5, 'mysql');
insert into itj.itj_tag (tag_id, tag_name) values (4, 'nginx');
insert into itj.itj_tag (tag_id, tag_name) values (2, 'oracle');
insert into itj.itj_tag (tag_id, tag_name) values (3, 'redis');

insert into itj.itj_user (user_id, account, password, nickname, head_photo, autograph, join_time, modify_time) values (0, 'lanko', '87d9bb400c0634691f0e3baaf1e2fd0d', null, 'user_img/lanko/1544439236379_19910.jpeg', null, '2018-12-10 10:53:56', '2018-12-10 10:53:56');
insert into itj.itj_user (user_id, account, password, nickname, head_photo, autograph, join_time, modify_time) values (14, 'admin', '87d9bb400c0634691f0e3baaf1e2fd0d', null, 'user_img/admin/1544612862501_19910.jpeg', null, '2018-12-12 11:07:43', '2018-12-12 11:07:43');
